# Create a table
statement ok
create table t1(v1 int, v2 varchar, v3 int);

# Insert once
statement ok
insert into t1 values
    (0, 'ğŸ¥°', 10),
    (1, 'ğŸ¥°ğŸ¥°', 11),
    (2, 'ğŸ¥°ğŸ¥°ğŸ¥°', 12),
    (3, 'ğŸ¥°ğŸ¥°ğŸ¥°ğŸ¥°', 13),
    (4, 'ğŸ¥°ğŸ¥°ğŸ¥°ğŸ¥°ğŸ¥°', 14);

query ITI
select * from t1;
----
0 ğŸ¥° 10
1 ğŸ¥°ğŸ¥° 11
2 ğŸ¥°ğŸ¥°ğŸ¥° 12
3 ğŸ¥°ğŸ¥°ğŸ¥°ğŸ¥° 13
4 ğŸ¥°ğŸ¥°ğŸ¥°ğŸ¥°ğŸ¥° 14

# Insert twice
statement ok
insert into t1 values
    (0, 'ğŸ¥°', 10),
    (1, 'ğŸ¥°ğŸ¥°', 11),
    (2, 'ğŸ¥°ğŸ¥°ğŸ¥°', 12),
    (3, 'ğŸ¥°ğŸ¥°ğŸ¥°ğŸ¥°', 13),
    (4, 'ğŸ¥°ğŸ¥°ğŸ¥°ğŸ¥°ğŸ¥°', 14);

query ITI
select * from t1;
----
0 ğŸ¥° 10
1 ğŸ¥°ğŸ¥° 11
2 ğŸ¥°ğŸ¥°ğŸ¥° 12
3 ğŸ¥°ğŸ¥°ğŸ¥°ğŸ¥° 13
4 ğŸ¥°ğŸ¥°ğŸ¥°ğŸ¥°ğŸ¥° 14
0 ğŸ¥° 10
1 ğŸ¥°ğŸ¥° 11
2 ğŸ¥°ğŸ¥°ğŸ¥° 12
3 ğŸ¥°ğŸ¥°ğŸ¥°ğŸ¥° 13
4 ğŸ¥°ğŸ¥°ğŸ¥°ğŸ¥°ğŸ¥° 14

# Create another table, insert with select *
statement ok
create table t2(v1 int, v2 varchar, v3 int);

statement ok
insert into t2 select * from t1;

query ITI
select * from t2;
----
0 ğŸ¥° 10
1 ğŸ¥°ğŸ¥° 11
2 ğŸ¥°ğŸ¥°ğŸ¥° 12
3 ğŸ¥°ğŸ¥°ğŸ¥°ğŸ¥° 13
4 ğŸ¥°ğŸ¥°ğŸ¥°ğŸ¥°ğŸ¥° 14
0 ğŸ¥° 10
1 ğŸ¥°ğŸ¥° 11
2 ğŸ¥°ğŸ¥°ğŸ¥° 12
3 ğŸ¥°ğŸ¥°ğŸ¥°ğŸ¥° 13
4 ğŸ¥°ğŸ¥°ğŸ¥°ğŸ¥°ğŸ¥° 14

# Insert nothing
statement ok
insert into t2 select * from t1 where v1 != v1;

query ITI
select * from t2;
----
0 ğŸ¥° 10
1 ğŸ¥°ğŸ¥° 11
2 ğŸ¥°ğŸ¥°ğŸ¥° 12
3 ğŸ¥°ğŸ¥°ğŸ¥°ğŸ¥° 13
4 ğŸ¥°ğŸ¥°ğŸ¥°ğŸ¥°ğŸ¥° 14
0 ğŸ¥° 10
1 ğŸ¥°ğŸ¥° 11
2 ğŸ¥°ğŸ¥°ğŸ¥° 12
3 ğŸ¥°ğŸ¥°ğŸ¥°ğŸ¥° 13
4 ğŸ¥°ğŸ¥°ğŸ¥°ğŸ¥°ğŸ¥° 14


# Insert with condition
statement ok
insert into t2 select * from t1 where v1 <= 2;

query ITI
select * from t2;
----
0 ğŸ¥° 10
1 ğŸ¥°ğŸ¥° 11
2 ğŸ¥°ğŸ¥°ğŸ¥° 12
3 ğŸ¥°ğŸ¥°ğŸ¥°ğŸ¥° 13
4 ğŸ¥°ğŸ¥°ğŸ¥°ğŸ¥°ğŸ¥° 14
0 ğŸ¥° 10
1 ğŸ¥°ğŸ¥° 11
2 ğŸ¥°ğŸ¥°ğŸ¥° 12
3 ğŸ¥°ğŸ¥°ğŸ¥°ğŸ¥° 13
4 ğŸ¥°ğŸ¥°ğŸ¥°ğŸ¥°ğŸ¥° 14
0 ğŸ¥° 10
1 ğŸ¥°ğŸ¥° 11
2 ğŸ¥°ğŸ¥°ğŸ¥° 12
0 ğŸ¥° 10
1 ğŸ¥°ğŸ¥° 11
2 ğŸ¥°ğŸ¥°ğŸ¥° 12

# Create a table
statement ok
create table t3(v1 int, v2 varchar, v3 int);

# Insert with projection
statement ok
insert into t3 select v1+233, v2, v3+v1 from t1;

query ITI
select * from t3;
----
233 ğŸ¥° 10
234 ğŸ¥°ğŸ¥° 12
235 ğŸ¥°ğŸ¥°ğŸ¥° 14
236 ğŸ¥°ğŸ¥°ğŸ¥°ğŸ¥° 16
237 ğŸ¥°ğŸ¥°ğŸ¥°ğŸ¥°ğŸ¥° 18
233 ğŸ¥° 10
234 ğŸ¥°ğŸ¥° 12
235 ğŸ¥°ğŸ¥°ğŸ¥° 14
236 ğŸ¥°ğŸ¥°ğŸ¥°ğŸ¥° 16
237 ğŸ¥°ğŸ¥°ğŸ¥°ğŸ¥°ğŸ¥° 18
