# EmptyTableTest

statement ok
CREATE TABLE xxx(a INT PRIMARY KEY, b INT);

query I
SELECT MIN(b) FROM xxx;
----
NULL

query I
SELECT MAX(b) FROM xxx;
----
NULL

query R
SELECT AVG(b) FROM xxx;
----
NULL

query I
SELECT SUM(b) FROM xxx;
----
NULL

query I
SELECT COUNT(b) FROM xxx;
----
0

# MinMaxTest

statement ok
CREATE TABLE test(a INT PRIMARY KEY, b SMALLINT, c INT, d BIGINT, e DECIMAL, f REAL, g VARCHAR, h TEXT);

statement ok
INSERT INTO test VALUES
    (2, 2, 2, 2, 2.0, 2.0, '23', '2016-12-06 00:00:02-04'),
    (1, 1, 1, 1, 1.0, 1.0, '15', '2016-12-06 00:00:01-04'),
    (4, 4, 4, 4, 4.0, 4.0, '41', '2016-12-06 00:00:04-04'),
    (3, 3, 3, 3, 3.0, 3.0, '33', '2016-12-06 00:00:03-04');

query I
SELECT min(b) from test;
----
1

query I
SELECT max(b) from test;
----
4

query I
SELECT min(a) from test;
----
1

query I
SELECT max(a) from test;
----
4

query I
SELECT min(d) from test;
----
1

query I
SELECT max(d) from test;
----
4

query R
SELECT cast(min(e) as real) from test;
----
1

query R
SELECT cast(max(e) as real) from test;
----
4

query R
SELECT min(f) from test;
----
1

query R
SELECT max(f) from test;
----
4

query T
SELECT min(g) from test;
----
15

query T
SELECT max(g) from test;
----
41

query T
SELECT min(h) from test;
----
2016-12-06 00:00:01-04

query T
SELECT max(h) from test;
----
2016-12-06 00:00:04-04
