statement ok
CREATE TABLE test (a INT PRIMARY KEY, b INT, c INT, d VARCHAR);

statement ok
INSERT INTO test VALUES
    (1, 22, 333, 'abcd'),
    (2, 22, 333, 'abc'),
    (3, 11, 222, 'abcd');

# DistinctIntTest
query I rowsort
SELECT DISTINCT b FROM test;
----
11
22

# DistinctVarcharTest
query T rowsort
SELECT DISTINCT d FROM test;
----
abc
abcd

# DistinctTupleTest
query II rowsort
SELECT DISTINCT b, c FROM test;
----
11 222
22 333

# DistinctStarTest

statement ok
DROP TABLE test;

statement ok
CREATE TABLE test (
    a INT,
    b INT,
    c INT,
    d VARCHAR
);

statement ok
INSERT INTO test VALUES
    (1, 22, 333, 'abcd'),
    (1, 22, 333, 'abcd'),
    (1, 22, 222, 'abcd');

query IIIT rowsort
SELECT DISTINCT * FROM test;
----
1 22 222 abcd
1 22 333 abcd

# DistinctDateTimeTest

statement ok
DROP TABLE test;

statement ok
CREATE TABLE test(a INT, b TEXT);

statement ok
INSERT INTO test VALUES
    (1, '2016-06-22 19:10:25-07'),
    (1, '2017-06-22 19:10:25-07'),
    (1, '2016-06-22 19:10:25-07');

query T rowsort
SELECT DISTINCT b FROM test;
----
2016-06-22 19:10:25-07
2017-06-22 19:10:25-07
