# CreateIndexAfterInsertTest

include fixtures/index_scan.slt.inc

statement ok
CREATE INDEX i1 ON test (a);

query I
SELECT b FROM test WHERE a < 3;
----
22
33

# CreateIndexAfterInsertOnMultipleColumnsTest

include fixtures/index_scan.slt.inc

statement ok
CREATE INDEX i1 ON test(b, c);

query I
SELECT a FROM test WHERE b < 33 AND c > 100 ORDER BY a;
----
1
3

# SQLTest

statement ok
CREATE TABLE department_table(dept_id INT PRIMARY KEY, dept_name VARCHAR);

statement ok
INSERT INTO department_table(dept_id, dept_name) VALUES
    (1,'hello_1'),
    (2, 'hello_2'),
    (3,'hello_2');

query IT
SELECT * FROM department_table WHERE dept_id = 1;
----
1 hello_1

query T
SELECT dept_name FROM department_table WHERE dept_id = 2;
----
hello_2

query I
SELECT COUNT(*) FROM department_table WHERE dept_id < 3;
----
2

query I
SELECT COUNT(*) FROM department_table WHERE dept_id > 1;
----
2

query I
SELECT COUNT(*) FROM department_table WHERE dept_id < 3 and dept_id > 1;
----
1

query I
SELECT COUNT(*) FROM department_table WHERE dept_id < 3 and dept_id > 2;
----
0

query I
SELECT COUNT(*) FROM department_table WHERE dept_id = 2 and dept_name = 'hello_2';
----
1

query I
SELECT COUNT(*) FROM department_table WHERE dept_id = 2 and dept_name = 'hello_2' and dept_name = 'hello_2';
----
1

query I
SELECT COUNT(*) FROM department_table WHERE dept_id = 1 and dept_name = 'hello_2' and dept_name = 'hello_2';
----
0

query I
SELECT COUNT(*) FROM department_table WHERE dept_id = 2 and dept_name = 'hello_1' and dept_name = 'hello_2';
----
0

statement ok
UPDATE department_table set dept_name = 'hahaha' WHERE dept_id = 2 and dept_name = 'hello_2' and dept_name = 'hello_2';

statement ok
UPDATE department_table set dept_name = 'hahaha' WHERE dept_id = 2 and dept_name = 'hello_2';

statement ok
UPDATE department_table set dept_name = 'hahaha' WHERE dept_id = 2;
