statement ok
CREATE TABLE test (a INT PRIMARY KEY, b INT, c INT);

statement ok
CREATE TABLE test2 (a INT PRIMARY KEY, b INT, c INT);

statement ok
CREATE TABLE test3 (a INT, b CHAR, c VARCHAR);

statement ok
CREATE TABLE test4 (
    a INT PRIMARY KEY,
    b INTEGER,
    c SMALLINT,
    d BIGINT,
    e DECIMAL,
    f REAL,
    g TEXT,
    i CHAR,
    j VARCHAR,
    k BYTEA,
    l BOOLEAN
);

statement ok
CREATE TABLE test5 (
    a INT PRIMARY KEY,
    b INTEGER,
    c SMALLINT,
    d BIGINT,
    e DECIMAL,
    f REAL,
    g TEXT,
    i CHAR,
    j VARCHAR,
    k BYTEA,
    l BOOLEAN
);

statement ok
CREATE TABLE test6 (a INT, b INT, c INT);

statement ok
CREATE TABLE test7 (a INT, b INT, c INT);

statement ok
CREATE TABLE test8 (
    num1 INT,
    num2 INT,
    num3 INT NOT NULL
);

# InsertOneValue

statement ok
TRUNCATE TABLE test;

statement ok
INSERT INTO test VALUES
    (1, 22, 333),
    (2, 11, 000),
    (3, 33, 444),
    (4, 00, 555);

statement ok
INSERT INTO test VALUES (5, 55, 555);

query III
SELECT * FROM test WHERE a=5;
----
5 55 555

# InsertMultipleValues

statement ok
TRUNCATE TABLE test;

statement ok
INSERT INTO test VALUES
    (1, 22, 333),
    (2, 11, 000),
    (3, 33, 444),
    (4, 00, 555);

statement ok
INSERT INTO test VALUES (6, 11, 888), (7, 77, 999);

query III
SELECT * FROM test WHERE a=6;
----
6 11 888

query III
SELECT * FROM test WHERE a=7;
----
7 77 999

# InsertSpecifyColumns

statement ok
TRUNCATE TABLE test8;

statement ok
INSERT INTO test8 (num3, num2, num1) VALUES (99, 8, 111);

query III
SELECT * FROM test8 WHERE num2=8;
----
111 8 99

# InsertIntoSelectSimple

statement ok
TRUNCATE TABLE test;

statement ok
INSERT INTO test VALUES
    (1, 22, 333),
    (2, 11, 000),
    (3, 33, 444),
    (4, 00, 555);

statement ok
TRUNCATE TABLE test2;

statement ok
INSERT INTO test2 VALUES
    (5, 99, 888),
    (6, 88, 777),
    (7, 77, 666),
    (8, 55, 999);

statement ok
INSERT INTO test SELECT * FROM test2;

query III
SELECT * FROM test WHERE a=8;
----
8 55 999

statement ok
INSERT INTO test2 SELECT * FROM test WHERE a=1;

query III
SELECT * FROM test2 WHERE a=1;
----
1 22 333

statement ok
INSERT INTO test2 SELECT b,a,c FROM test WHERE a=2;

query III
SELECT * FROM test2 WHERE a=11;
----
11 2 0

# InsertIntoSelectSimpleAllType

statement ok
TRUNCATE TABLE test4;

statement ok
INSERT INTO test4 VALUES
    (1, 2, 3, 4, 5.1, 6.1, '2017-10-10 00:00:00-00', 'A', 'a', '1', 'true'),
    (11, 12, 13, 14, 15.1, 16.1, '2017-10-11 00:00:00-00', 'B', 'b', '2', 'false');

statement ok
TRUNCATE TABLE test5;

statement ok
INSERT INTO test5 SELECT * FROM test4;

query IIIIRRTTTLB
SELECT * FROM test4 WHERE a=1;
----
1 2 3 4 5.1 6.1 2017-10-10 00:00:00-00 A a \x31 t

query IIIIRRTTTLB
SELECT * FROM test5 WHERE a=1;
----
1 2 3 4 5.1 6.1 2017-10-10 00:00:00-00 A a \x31 t

query IIIIRRTTTLB
SELECT * FROM test5 WHERE a=11;
----
11 12 13 14 15.1 16.1 2017-10-11 00:00:00-00 B b \x32 f

# InsertIntoSelectColumn

statement ok
TRUNCATE TABLE test6;

statement ok
INSERT INTO test6 VALUES
    (1, 22, 333),
    (2, 11, 000),
    (3, 33, 444),
    (4, 00, 555);

statement ok
TRUNCATE TABLE test7;

statement ok
INSERT INTO test7 VALUES
    (99, 5, 888),
    (88, 6, 777),
    (77, 7, 666),
    (55, 8, 999);

statement ok
INSERT INTO test6 SELECT b,a,c FROM test7;

query III
SELECT * FROM test6 WHERE a=8;
----
8 55 999

statement ok
INSERT INTO test7 SELECT * FROM test6 WHERE a=1;

query III
SELECT * FROM test7 WHERE a=1;
----
1 22 333

statement ok
INSERT INTO test7 SELECT b,a,c FROM test6 WHERE a=2;

query III
SELECT * FROM test7 WHERE a=11;
----
11 2 0

# UniqueColumn

statement ok
CREATE TABLE t (id INTEGER NOT NULL PRIMARY KEY, st VARCHAR NOT NULL UNIQUE);

statement ok
INSERT INTO t VALUES (1, 'abc');

statement ok
INSERT INTO t VALUES (2, 'def');

statement error
INSERT INTO t VALUES (3, 'abc');

# BadTypes

statement ok
CREATE TABLE foo (
    id1 INT,
    id2 BIGINT,
    id3 SMALLINT,
    id4 INTEGER,
    id5 DECIMAL
);

statement error
INSERT INTO(id) foo VALUES('h');

statement error
INSERT INTO foo(id2) VALUES('h');

statement error
INSERT INTO foo(id3) VALUES('h');

statement error
INSERT INTO foo(id4) VALUES('h');

statement error
INSERT INTO foo(id5) VALUES('h');

# NonExistentTable
statement error
INSERT INTO NonExistentTable VALUES(3);

# BadInserts

statement ok
TRUNCATE TABLE test8;

statement error
INSERT INTO test8 VALUES(1, 2, 3, 4);

statement error
INSERT INTO test VALUES(3, 4);

statement error
INSERT INTO test8(num1, num3) VALUES(3);

statement error
INSERT INTO test8(num1, num3) VALUES (1, 2), (3, 4), (3, 4, 5);

statement error
INSERT INTO test8(num1, num3) VALUES (6, 7), (5);

statement error
INSERT INTO test8(numx) VALUES(3);

statement error
INSERT INTO test8(num1, num4) VALUES(3, 4);

statement error
INSERT INTO test8 VALUES(1, 2);
