# VarcharTest

statement ok
CREATE TABLE foo(name varchar);

statement ok
INSERT INTO foo VALUES
    ('Alice'),
    ('Peter'),
    ('Cathy'),
    ('Bob'),
    ('Alicia'),
    ('David'),
    (NULL);

query T
SELECT * FROM foo WHERE name = 'Alice';
----
Alice

query T
SELECT * FROM foo WHERE name = 'david';
----

query T
SELECT * FROM foo WHERE name = 'Ann';
----

query T
SELECT * FROM foo WHERE name = 'Alice' OR name = 'Alicia';
----
Alice
Alicia

query T
SELECT * FROM foo WHERE name != 'Bob' AND name != 'David';
----
Alice
Peter
Cathy
Alicia

query T
SELECT * FROM foo WHERE name >= 'A' AND name <= 'D';
----
Alice
Cathy
Bob
Alicia

query T
SELECT * FROM foo WHERE name > 'David';
----
Peter

query T
SELECT * FROM foo WHERE name <= 'Alicia';
----
Alice
Alicia

query T
SELECT * FROM foo WHERE name LIKE '%li%';
----
Alice
Alicia

query T
SELECT * FROM foo WHERE name LIKE '_____';
----
Alice
Peter
Cathy
David

query T
SELECT * FROM foo WHERE name LIKE '%th';
----
